epoch,val_loss
0,128.24684143066406
5,124.47122192382812
