epoch,val_loss
0,0.04679584503173828
1,0.04413212835788727
2,0.04280857369303703
3,0.04166770726442337
